Airline,Departure,Arrival,Price,Duration,Flight_num
Pegasus,"03:40
تهران ( IKA )","13:40
لندن ( STN )","65,082,528",12 ساعت و 30 دقیقه,513
Turkish Airlines,"07:35
تهران ( IKA )","16:00
لندن ( LHR )","77,259,762",10 ساعت و 55 دقیقه,879
Pegasus,"03:40
تهران ( IKA )","11:30
لندن ( STN )","78,088,752",10 ساعت و 20 دقیقه,513
Turkish Airlines,"02:20
تهران ( IKA )","09:50
لندن ( LHR )","83,915,278",10 ساعت,875
Aeroflot,"07:35
تهران ( IKA )","12:05
لندن ( LHR )","85,059,720",31 ساعت,513
Turkish Airlines,"07:55
تهران ( IKA )","10:30
لندن ( LGW )","87,450,762",29 ساعت و 5 دقیقه,873
Turkish Airlines,"07:35
تهران ( IKA )","10:30
لندن ( LGW )","87,450,762",29 ساعت و 25 دقیقه,879
Qatar Airways,"22:35
تهران ( IKA )","06:50
لندن ( LHR )","89,109,250",10 ساعت و 45 دقیقه,499
Qatar Airways,"04:45
تهران ( IKA )","14:10
لندن ( LHR )","89,109,250",11 ساعت و 55 دقیقه,491
Qatar Airways,"15:10
تهران ( IKA )","06:50
لندن ( LHR )","89,109,250",18 ساعت و 10 دقیقه,483
Qatar Airways,"22:35
تهران ( IKA )","20:25
لندن ( LHR )","89,953,250",24 ساعت و 20 دقیقه,499
Qatar Airways,"15:10
تهران ( IKA )","13:10
لندن ( LHR )","89,953,250",24 ساعت و 30 دقیقه,483
Qatar Airways,"04:45
تهران ( IKA )","06:50
لندن ( LHR )","89,953,250",28 ساعت و 35 دقیقه,491
Turkish Airlines,"07:55
تهران ( IKA )","14:55
لندن ( LHR )","90,570,794",9 ساعت و 30 دقیقه,873
Turkish Airlines,"07:35
تهران ( IKA )","14:55
لندن ( LHR )","90,570,794",9 ساعت و 50 دقیقه,879
Turkish Airlines,"02:20
تهران ( IKA )","09:45
لندن ( LGW )","90,570,794",9 ساعت و 55 دقیقه,875
Turkish Airlines,"02:20
تهران ( IKA )","14:55
لندن ( LHR )","90,570,794",15 ساعت و 5 دقیقه,875
Pegasus,"03:40
تهران ( IKA )","12:05
لندن ( STN )","91,696,752",34 ساعت و 55 دقیقه,513
Emirates,"04:20
تهران ( IKA )","07:05
لندن ( LHR )","95,118,600",29 ساعت و 15 دقیقه,978
چند ایرلاین,"03:10
تهران ( IKA )","14:55
لندن ( LHR )","95,462,794",14 ساعت و 15 دقیقه,7689
چند ایرلاین,"00:05
تهران ( IKA )","09:20
لندن ( LHR )","95,662,600",11 ساعت و 45 دقیقه,2491
چند ایرلاین,"14:00
تهران ( IKA )","07:05
لندن ( LHR )","95,662,600",19 ساعت و 35 دقیقه,2303
AnadoluJet,"03:10
تهران ( IKA )","10:55
لندن ( STN )","100,038,586",10 ساعت و 15 دقیقه,7689
Turkish Airlines,"02:20
تهران ( IKA )","12:25
لندن ( LGW )","100,761,794",12 ساعت و 35 دقیقه,875
چند ایرلاین,"04:05
تهران ( IKA )","14:55
لندن ( LHR )","102,528,794",13 ساعت و 20 دقیقه,7727
چند ایرلاین,"04:05
تهران ( IKA )","20:45
لندن ( LHR )","102,528,794",19 ساعت و 10 دقیقه,7727
Qatar Airways,"04:45
تهران ( IKA )","13:15
لندن ( LHR )","103,194,225",11 ساعت,491
Turkish Airlines,"03:25
تهران ( IKA )","09:45
لندن ( LGW )","106,099,700",8 ساعت و 50 دقیقه,881
Turkish Airlines,"03:25
تهران ( IKA )","09:50
لندن ( LHR )","106,099,700",8 ساعت و 55 دقیقه,881
Pegasus,"03:40
تهران ( IKA )","11:40
لندن ( STN )","110,058,480",10 ساعت و 30 دقیقه,513
Austrian,"02:35
تهران ( IKA )","08:20
لندن ( LHR )","115,437,565",8 ساعت و 15 دقیقه,872
AnadoluJet,"03:10
تهران ( IKA )","12:25
لندن ( STN )","116,290,700",11 ساعت و 45 دقیقه,7689
چند ایرلاین,"02:20
تهران ( IKA )","12:25
لندن ( STN )","116,290,700",12 ساعت و 35 دقیقه,875
Lufthansa,"01:45
تهران ( IKA )","08:40
لندن ( LHR )","123,139,180",9 ساعت و 25 دقیقه,601
چند ایرلاین,"01:45
تهران ( IKA )","17:15
لندن ( LCY )","123,139,180",18 ساعت,601
Lufthansa,"01:45
تهران ( IKA )","22:10
لندن ( LHR )","126,639,180",22 ساعت و 55 دقیقه,601
IranAir,"08:20
تهران ( IKA )","12:10
لندن ( LHR )","134,260,000",6 ساعت و 20 دقیقه,IR711
چند ایرلاین,"01:45
تهران ( IKA )","09:55
لندن ( LHR )","138,031,050",10 ساعت و 40 دقیقه,601
چند ایرلاین,"01:45
تهران ( IKA )","10:15
لندن ( LHR )","139,080,050",11 ساعت,601
چند ایرلاین,"01:45
تهران ( IKA )","22:00
لندن ( LHR )","141,531,050",22 ساعت و 45 دقیقه,601
چند ایرلاین,"01:45
تهران ( IKA )","18:30
لندن ( LHR )","155,798,480",19 ساعت و 15 دقیقه,601
چند ایرلاین,"02:20
تهران ( IKA )","11:30
لندن ( STN )","185,062,787",11 ساعت و 40 دقیقه,875
